{
    "classification_report": {
        "legitimate": {
            "precision": 0.981859410430839,
            "recall": 0.9833459500378501,
            "f1-score": 0.9826021180030258,
            "support": 1321.0
        },
        "phishing": {
            "precision": 0.9693593314763231,
            "recall": 0.9666666666666667,
            "f1-score": 0.9680111265646731,
            "support": 720.0
        },
        "accuracy": 0.9774620284174425,
        "macro avg": {
            "precision": 0.9756093709535811,
            "recall": 0.9750063083522584,
            "f1-score": 0.9753066222838495,
            "support": 2041.0
        },
        "weighted avg": {
            "precision": 0.9774497794424747,
            "recall": 0.9774620284174425,
            "f1-score": 0.9774548794750426,
            "support": 2041.0
        }
    },
    "confusion_matrix": [
        [
            1299,
            22
        ],
        [
            24,
            696
        ]
    ],
    "roc_auc": {
        "naive_bayes": 0.991978930103457,
        "llm": 0.9941174615190512,
        "combined": 0.9750063083522584
    }
}